http://cscpriestsandbrothers.blogspot.com/2011/09/holy-cross-parish-making-god-known_19.html,http://vocation.nd.edu/news/26200
http://cscpriestsandbrothers.blogspot.com/2011/09/websites-blogs-and-tweets-oh-my.html,http://vocation.nd.edu/news/26201
http://cscpriestsandbrothers.blogspot.com/2011/09/lake-view-put-out-into-deep-water.html,http://vocation.nd.edu/news/26202
http://cscpriestsandbrothers.blogspot.com/2011/09/happy-feast-day.html,http://vocation.nd.edu/news/26203
http://cscpriestsandbrothers.blogspot.com/2011/09/good-morning-neighbor.html,http://vocation.nd.edu/news/26204
http://cscpriestsandbrothers.blogspot.com/2011/09/new-step.html,http://vocation.nd.edu/news/26205
http://cscpriestsandbrothers.blogspot.com/2011/09/belong-in-fray.html,http://vocation.nd.edu/news/26206
http://cscpriestsandbrothers.blogspot.com/2011/09/heaven-on-villa.html,http://vocation.nd.edu/news/26207
http://cscpriestsandbrothers.blogspot.com/2011/09/rev.html,http://vocation.nd.edu/news/26208
http://cscpriestsandbrothers.blogspot.com/2011/09/nomads-in-this-world.html,http://vocation.nd.edu/news/26209
http://cscpriestsandbrothers.blogspot.com/2011/09/john-soisson-made-part-of-family.html,http://vocation.nd.edu/news/26210
http://cscpriestsandbrothers.blogspot.com/2011/08/deaconate-living-sacrifice-to-god.html,http://vocation.nd.edu/news/26211
http://cscpriestsandbrothers.blogspot.com/2011/08/final-vows-homily.html,http://vocation.nd.edu/news/26212
http://cscpriestsandbrothers.blogspot.com/2011/08/final-vows-lucenarium-insight-into.html,http://vocation.nd.edu/news/26213
http://cscpriestsandbrothers.blogspot.com/2011/08/holy-cross-heroes-fr-ambrose-wheeler.html,http://vocation.nd.edu/news/26214
http://cscpriestsandbrothers.blogspot.com/2011/08/firmer-in-faith-and-firmer-in.html,http://vocation.nd.edu/news/26215
http://cscpriestsandbrothers.blogspot.com/2011/08/brothers-in-mission-working-together-to.html,http://vocation.nd.edu/news/26216
http://cscpriestsandbrothers.blogspot.com/2011/08/lake-view-totally-african-totally-holy.html,http://vocation.nd.edu/news/26217
http://cscpriestsandbrothers.blogspot.com/2011/08/one-holy-cross-one-family-one-world.html,http://vocation.nd.edu/news/26218
http://cscpriestsandbrothers.blogspot.com/2011/08/fr-jim-fenstermaker-making-god-known.html,http://vocation.nd.edu/news/26219
http://cscpriestsandbrothers.blogspot.com/2011/08/vocations-of-father-and-father.html,http://vocation.nd.edu/news/26220
http://cscpriestsandbrothers.blogspot.com/2011/08/road-to-chile-and-peru.html,http://vocation.nd.edu/news/26221
http://cscpriestsandbrothers.blogspot.com/2011/08/springtime-at-seminary.html,http://vocation.nd.edu/news/26222
http://cscpriestsandbrothers.blogspot.com/2011/08/world-youth-day-here-we-come.html,http://vocation.nd.edu/news/26223
http://cscpriestsandbrothers.blogspot.com/2011/08/final-vows-in-east-africa-community-of.html,http://vocation.nd.edu/news/26224
http://cscpriestsandbrothers.blogspot.com/2011/08/rob-curtis-part-of-holy-cross-family.html,http://vocation.nd.edu/news/26225
http://cscpriestsandbrothers.blogspot.com/2011/08/higher-studies-higher-calling.html,http://vocation.nd.edu/news/26226
http://cscpriestsandbrothers.blogspot.com/2011/08/andre-house-new-year.html,http://vocation.nd.edu/news/26227
http://cscpriestsandbrothers.blogspot.com/2011/07/first-professions-speak-lord-your.html,http://vocation.nd.edu/news/26228
http://cscpriestsandbrothers.blogspot.com/2011/07/seminarian-summer-music-man.html,http://vocation.nd.edu/news/26229
http://cscpriestsandbrothers.blogspot.com/2011/07/sermon-on-street-free-to-depend-on-one.html,http://vocation.nd.edu/news/26230
http://cscpriestsandbrothers.blogspot.com/2011/07/seminarian-summer-inspired-by-heroes-in.html,http://vocation.nd.edu/news/26231
http://cscpriestsandbrothers.blogspot.com/2011/07/happy-feast-of-sacred-heart-of-jesus.html,http://vocation.nd.edu/news/26232
http://cscpriestsandbrothers.blogspot.com/2011/07/act-of-god-us-province-of-priests-and.html,http://vocation.nd.edu/news/26233
http://cscpriestsandbrothers.blogspot.com/2011/06/seminarian-summer-its-all-latin-to-me.html,http://vocation.nd.edu/news/26234
http://cscpriestsandbrothers.blogspot.com/2011/06/assembly-2011-men-with-hope-to-bring.html,http://vocation.nd.edu/news/26235
http://cscpriestsandbrothers.blogspot.com/2011/06/diary-of-mountain-priest-daily.html,http://vocation.nd.edu/news/26236
http://cscpriestsandbrothers.blogspot.com/2011/06/baby-priest-camp.html,http://vocation.nd.edu/news/26237
http://cscpriestsandbrothers.blogspot.com/2011/06/saint-andre-cartooon-hero.html,http://vocation.nd.edu/news/26238
http://cscpriestsandbrothers.blogspot.com/2011/06/jubilee-homily-side-by-side-with-all.html,http://vocation.nd.edu/news/26239
http://cscpriestsandbrothers.blogspot.com/2011/06/sermon-on-street-seeing-real-value.html,http://vocation.nd.edu/news/26240
http://cscpriestsandbrothers.blogspot.com/2011/06/learning-ropes-more-for-us-to-learn.html,http://vocation.nd.edu/news/26241
http://cscpriestsandbrothers.blogspot.com/2011/05/following-in-their-footsteps-2011.html,http://vocation.nd.edu/news/26242
http://cscpriestsandbrothers.blogspot.com/2011/05/iseminary-vow-of-celibacy-clicked.html,http://vocation.nd.edu/news/26243
http://cscpriestsandbrothers.blogspot.com/2011/05/ivy-league-catholic-lake-of-beer.html,http://vocation.nd.edu/news/26244
http://cscpriestsandbrothers.blogspot.com/2011/05/diary-of-mountain-priest-vocation.html,http://vocation.nd.edu/news/26245
http://cscpriestsandbrothers.blogspot.com/2011/05/learning-ropes-time-for-fiesta.html,http://vocation.nd.edu/news/26246
http://cscpriestsandbrothers.blogspot.com/2011/05/sermon-on-street-holy-rituals-take-new.html,http://vocation.nd.edu/news/26247
http://cscpriestsandbrothers.blogspot.com/2011/05/firm-in-faith-with-mary.html,http://vocation.nd.edu/news/26248
http://cscpriestsandbrothers.blogspot.com/2011/05/ordination-week-man-on-deck.html,http://vocation.nd.edu/news/26249
http://cscpriestsandbrothers.blogspot.com/2011/05/ordination-week-hope-to-bring.html,http://vocation.nd.edu/news/26250
http://cscpriestsandbrothers.blogspot.com/2011/05/ordination-weekend-fr-paul-ybarra-cscs.html,http://vocation.nd.edu/news/26251
http://cscpriestsandbrothers.blogspot.com/2011/05/ordination-weekend-frjohn-britto-cscs.html,http://vocation.nd.edu/news/26252
http://cscpriestsandbrothers.blogspot.com/2011/04/ordination-week-vestments.html,http://vocation.nd.edu/news/26253
http://cscpriestsandbrothers.blogspot.com/2011/04/ordination-week-rite-of-ordination.html,http://vocation.nd.edu/news/26254
http://cscpriestsandbrothers.blogspot.com/2011/04/ordination-weekend-different-fatherhood.html,http://vocation.nd.edu/news/26255
http://cscpriestsandbrothers.blogspot.com/2011/04/ordination-weekend-making-of-feast.html,http://vocation.nd.edu/news/26256
http://cscpriestsandbrothers.blogspot.com/2011/04/ordination-week-coverage-one-year-later.html,http://vocation.nd.edu/news/26257
http://cscpriestsandbrothers.blogspot.com/2011/04/ordination-week-sewn-in-faith-and-love.html,http://vocation.nd.edu/news/26258
http://cscpriestsandbrothers.blogspot.com/2011/04/it-all-adds-up-yeah-he-is.html,http://vocation.nd.edu/news/26259
http://cscpriestsandbrothers.blogspot.com/2011/04/ordination-week-dedication-to-love.html,http://vocation.nd.edu/news/26260
http://cscpriestsandbrothers.blogspot.com/2011/04/ordination-week-royal-style.html,http://vocation.nd.edu/news/26261
http://cscpriestsandbrothers.blogspot.com/2011/04/final-profession-of-rodrigo-valenzuela.html,http://vocation.nd.edu/news/26262
http://cscpriestsandbrothers.blogspot.com/2011/04/holy-week-awaken-from-our-sleep.html,http://vocation.nd.edu/news/26263
http://cscpriestsandbrothers.blogspot.com/2011/04/holy-week-weve-been-died-for.html,http://vocation.nd.edu/news/26264
http://cscpriestsandbrothers.blogspot.com/2011/04/holy-week-eucharistic-meaning-of.html,http://vocation.nd.edu/news/26265
http://cscpriestsandbrothers.blogspot.com/2011/04/iseminary-soiree-is-french-for-soiree.html,http://vocation.nd.edu/news/26266
http://cscpriestsandbrothers.blogspot.com/2011/04/holy-week-jesus-week.html,http://vocation.nd.edu/news/26267
http://cscpriestsandbrothers.blogspot.com/2011/04/into-africa-ten-life-lessons-in-east.html,http://vocation.nd.edu/news/26268
http://cscpriestsandbrothers.blogspot.com/2011/04/diary-of-mountain-priest-frequently.html,http://vocation.nd.edu/news/26269
http://cscpriestsandbrothers.blogspot.com/2011/04/ivy-league-catholic-churchs-future-now.html,http://vocation.nd.edu/news/26270
http://cscpriestsandbrothers.blogspot.com/2011/04/sermon-on-street-home-improvements.html,http://vocation.nd.edu/news/26271
http://cscpriestsandbrothers.blogspot.com/2011/04/learning-ropes-nurturing-flame-in.html,http://vocation.nd.edu/news/26272
http://cscpriestsandbrothers.blogspot.com/2011/03/pilgrimage-to-montreal-calling-us-to-be_27.html,http://vocation.nd.edu/news/26273
http://cscpriestsandbrothers.blogspot.com/2011/03/pilgrimage-to-montreal-growing-in.html,http://vocation.nd.edu/news/26274
http://cscpriestsandbrothers.blogspot.com/2011/03/it-all-adds-up-saint-different-than-me.html,http://vocation.nd.edu/news/26275
http://cscpriestsandbrothers.blogspot.com/2011/03/happy-feast-of-st-joseph.html,http://vocation.nd.edu/news/26276
http://cscpriestsandbrothers.blogspot.com/2011/03/ivy-league-catholic-reporting-from-peru.html,http://vocation.nd.edu/news/26277
http://cscpriestsandbrothers.blogspot.com/2011/03/great-way-of-cross-two-new-holy-cross.html,http://vocation.nd.edu/news/26278
http://cscpriestsandbrothers.blogspot.com/2011/03/ashes-to-ashes-dust-to-dust.html,http://vocation.nd.edu/news/26279
http://cscpriestsandbrothers.blogspot.com/2011/03/diary-of-mountain-priest-gods-favorites.html,http://vocation.nd.edu/news/26280
http://cscpriestsandbrothers.blogspot.com/2011/03/holy-cross-week-on-sl-television-frs.html,http://vocation.nd.edu/news/26281
http://cscpriestsandbrothers.blogspot.com/2011/03/learning-ropes-transitions.html,http://vocation.nd.edu/news/26282
http://cscpriestsandbrothers.blogspot.com/2011/03/up-vocations-night-page-ribbons-and-ice.html,http://vocation.nd.edu/news/26283
http://cscpriestsandbrothers.blogspot.com/2011/03/sermon-on-street-fashion-statements.html,http://vocation.nd.edu/news/26284
http://cscpriestsandbrothers.blogspot.com/2011/02/real-oc-encountering-global-church.html,http://vocation.nd.edu/news/26285
http://cscpriestsandbrothers.blogspot.com/2011/02/it-all-adds-up-fathers-and-brothers.html,http://vocation.nd.edu/news/26286
http://cscpriestsandbrothers.blogspot.com/2011/02/into-africa-am-i-really-missionary.html,http://vocation.nd.edu/news/26287
http://cscpriestsandbrothers.blogspot.com/2011/02/fr-kevin-grove-csc-awarded-prestigious.html,http://vocation.nd.edu/news/26288
http://cscpriestsandbrothers.blogspot.com/2011/02/iseminary-giving-up-our-gifts-by-giving.html,http://vocation.nd.edu/news/26289
http://cscpriestsandbrothers.blogspot.com/2011/02/ivy-league-catholic-yalies-for-life.html,http://vocation.nd.edu/news/26290
http://cscpriestsandbrothers.blogspot.com/2011/02/stonehill-launches-new-saint-andre.html,http://vocation.nd.edu/news/26291
http://cscpriestsandbrothers.blogspot.com/2011/02/diary-of-mountain-priest-reading.html,http://vocation.nd.edu/news/26292
http://cscpriestsandbrothers.blogspot.com/2011/02/world-day-for-consecrated-life-salt-and.html,http://vocation.nd.edu/news/26293
http://cscpriestsandbrothers.blogspot.com/2011/02/hooping-it-up-for-jesus.html,http://vocation.nd.edu/news/26294
http://cscpriestsandbrothers.blogspot.com/2011/02/catholic-schools-week-force-for-change.html,http://vocation.nd.edu/news/26295
http://cscpriestsandbrothers.blogspot.com/2011/02/learning-ropes-bosco-and-moreau.html,http://vocation.nd.edu/news/26296
http://cscpriestsandbrothers.blogspot.com/2011/02/catholic-schools-week-echoing-hope-of.html,http://vocation.nd.edu/news/26297
http://cscpriestsandbrothers.blogspot.com/2011/02/catholic-schools-week-evangelizing.html,http://vocation.nd.edu/news/26298
http://cscpriestsandbrothers.blogspot.com/2011/02/sermon-on-street-open-hearts.html,http://vocation.nd.edu/news/26299
http://cscpriestsandbrothers.blogspot.com/2011/01/catholic-schools-week-its-who-we-are.html,http://vocation.nd.edu/news/26300
http://cscpriestsandbrothers.blogspot.com/2011/01/catholic-schools-week-bringing-hope.html,http://vocation.nd.edu/news/26301
http://cscpriestsandbrothers.blogspot.com/2011/01/pope-john-paul-ii-living-without-fear.html,http://vocation.nd.edu/news/26302
http://cscpriestsandbrothers.blogspot.com/2011/01/fr-neil-wack-csc-named-distinguished.html,http://vocation.nd.edu/news/26303
http://cscpriestsandbrothers.blogspot.com/2011/01/marching-for-life.html,http://vocation.nd.edu/news/26304
http://cscpriestsandbrothers.blogspot.com/2011/01/it-all-adds-up-cracked-door-policy.html,http://vocation.nd.edu/news/26305
http://cscpriestsandbrothers.blogspot.com/2011/01/downtown-chapel-renamed-st-andre.html,http://vocation.nd.edu/news/26306
http://cscpriestsandbrothers.blogspot.com/2011/01/into-africa-my-first-christmas-in.html,http://vocation.nd.edu/news/26307
http://cscpriestsandbrothers.blogspot.com/2011/01/happy-feast-day-blessed-basil-moreau.html,http://vocation.nd.edu/news/26308
http://cscpriestsandbrothers.blogspot.com/2011/01/iseminary-retreating-into-new-semester.html,http://vocation.nd.edu/news/26309
http://cscpriestsandbrothers.blogspot.com/2011/01/fighting-for-life-priests-and.html,http://vocation.nd.edu/news/26310
http://cscpriestsandbrothers.blogspot.com/2011/01/ivy-league-catholic-on-tap.html,http://vocation.nd.edu/news/26311
http://cscpriestsandbrothers.blogspot.com/2011/01/diary-of-mountain-priest-off-mountain.html,http://vocation.nd.edu/news/26312
http://cscpriestsandbrothers.blogspot.com/2011/01/learning-ropes-getting-to-know.html,http://vocation.nd.edu/news/26313
http://cscpriestsandbrothers.blogspot.com/2011/01/happy-first-feast-day.html,http://vocation.nd.edu/news/26314
http://cscpriestsandbrothers.blogspot.com/2011/01/sermon-on-street-trees-and-cupcakes.html,http://vocation.nd.edu/news/26315
http://cscpriestsandbrothers.blogspot.com/2011/01/rewnewing-spirit-of-our-vocation.html,http://vocation.nd.edu/news/26316
http://cscpriestsandbrothers.blogspot.com/2010/12/educating-minds-and-hearts-ctk-parish.html,http://vocation.nd.edu/news/26317
http://cscpriestsandbrothers.blogspot.com/2010/12/it-all-adds-up-hope-to-bring.html,http://vocation.nd.edu/news/26318
http://cscpriestsandbrothers.blogspot.com/2010/12/portrait-project-seeing-face-of-christ.html,http://vocation.nd.edu/news/26319
http://cscpriestsandbrothers.blogspot.com/2010/12/emmanuel-god-is-with-us.html,http://vocation.nd.edu/news/26320
http://cscpriestsandbrothers.blogspot.com/2010/12/iseminary-one-family-of-men-with-hope.html,http://vocation.nd.edu/news/26321
http://cscpriestsandbrothers.blogspot.com/2010/12/csc-profile-holy-cross-heroes-in-pro.html,http://vocation.nd.edu/news/26322
http://cscpriestsandbrothers.blogspot.com/2010/12/into-africa-members-of-holy-cross-tribe.html,http://vocation.nd.edu/news/26323
http://cscpriestsandbrothers.blogspot.com/2010/12/diary-of-mountain-priest-letting-good.html,http://vocation.nd.edu/news/26324
http://cscpriestsandbrothers.blogspot.com/2010/12/ivy-league-catholic-bridging-gap.html,http://vocation.nd.edu/news/26325
http://cscpriestsandbrothers.blogspot.com/2010/12/sermon-on-street-great-pumpkins-turkeys.html,http://vocation.nd.edu/news/26326
http://cscpriestsandbrothers.blogspot.com/2010/12/called-to-walk-in-their-footsteps-fr.html,http://vocation.nd.edu/news/26327
http://cscpriestsandbrothers.blogspot.com/2010/12/learning-ropes-advent-season-of-hope.html,http://vocation.nd.edu/news/26328
http://cscpriestsandbrothers.blogspot.com/2010/12/csc-profile-million-student-man.html,http://vocation.nd.edu/news/26329
http://cscpriestsandbrothers.blogspot.com/2010/11/vocation-monstrance-visits-christ-king.html,http://vocation.nd.edu/news/26330
http://cscpriestsandbrothers.blogspot.com/2010/11/advent-day-is-ever-nearer.html,http://vocation.nd.edu/news/26331
http://cscpriestsandbrothers.blogspot.com/2010/11/real-oc-family-that-eats-together.html,http://vocation.nd.edu/news/26332
http://cscpriestsandbrothers.blogspot.com/2010/11/happy-thanksgiving.html,http://vocation.nd.edu/news/26333
http://cscpriestsandbrothers.blogspot.com/2010/11/it-all-adds-up-middle-man.html,http://vocation.nd.edu/news/26334
http://cscpriestsandbrothers.blogspot.com/2010/11/discernment-retreat-no-longer-hide-and.html,http://vocation.nd.edu/news/26335
http://cscpriestsandbrothers.blogspot.com/2010/11/into-africa-x-marks-spot.html,http://vocation.nd.edu/news/26336
http://cscpriestsandbrothers.blogspot.com/2010/11/csc-profile-unsheltered-heart.html,http://vocation.nd.edu/news/26337
http://cscpriestsandbrothers.blogspot.com/2010/11/iseminary-brothership-and-tailgates.html,http://vocation.nd.edu/news/26338
http://cscpriestsandbrothers.blogspot.com/2010/11/ivy-league-catholic-hospitality-soup.html,http://vocation.nd.edu/news/26339
http://cscpriestsandbrothers.blogspot.com/2010/11/diary-of-mountain-priest-my-brother.html,http://vocation.nd.edu/news/26340
http://cscpriestsandbrothers.blogspot.com/2010/11/learning-ropes-growing-in-faith.html,http://vocation.nd.edu/news/26341
http://cscpriestsandbrothers.blogspot.com/2010/11/our-resurrection-and-our-life.html,http://vocation.nd.edu/news/26342
http://cscpriestsandbrothers.blogspot.com/2010/11/sermon-on-street-living-out-of-trailer.html,http://vocation.nd.edu/news/26343
http://cscpriestsandbrothers.blogspot.com/2010/11/called-to-walk-in-their-footsteps.html,http://vocation.nd.edu/news/26344
http://cscpriestsandbrothers.blogspot.com/2010/10/mass-of-thanksgiving-cardinal-turcottes.html,http://vocation.nd.edu/news/26345
http://cscpriestsandbrothers.blogspot.com/2010/10/from-overseas-lay-missionary-to-holy.html,http://vocation.nd.edu/news/26346
http://cscpriestsandbrothers.blogspot.com/2010/10/saint-andre-bessette-celebration.html,http://vocation.nd.edu/news/26347
http://cscpriestsandbrothers.blogspot.com/2010/10/kitete-kambi-ya-simba-parishes-home-is.html,http://vocation.nd.edu/news/26348
http://cscpriestsandbrothers.blogspot.com/2010/10/it-all-adds-up.html,http://vocation.nd.edu/news/26349
http://cscpriestsandbrothers.blogspot.com/2010/10/holy-cross-lakeview-one-of-best-schools.html,http://vocation.nd.edu/news/26350
http://cscpriestsandbrothers.blogspot.com/2010/10/world-mission-sunday-men-with-hope-to.html,http://vocation.nd.edu/news/26351
http://cscpriestsandbrothers.blogspot.com/2010/10/pilgrimage-to-rome-final-days.html,http://vocation.nd.edu/news/26352
http://cscpriestsandbrothers.blogspot.com/2010/10/iseminary-cantoring-lucernarium.html,http://vocation.nd.edu/news/26353
http://cscpriestsandbrothers.blogspot.com/2010/10/pilgrimage-to-rome-entering-life-of.html,http://vocation.nd.edu/news/26354
http://cscpriestsandbrothers.blogspot.com/2010/10/real-oc-brother-andre-novena.html,http://vocation.nd.edu/news/26355
http://cscpriestsandbrothers.blogspot.com/2010/10/pilgrimage-to-rome-thanksgiving.html,http://vocation.nd.edu/news/26356
http://cscpriestsandbrothers.blogspot.com/2010/10/saint-andre-canonization-watch.html,http://vocation.nd.edu/news/26357
http://cscpriestsandbrothers.blogspot.com/2010/10/pilgrimage-to-rome-once-in-lifetime.html,http://vocation.nd.edu/news/26358
http://cscpriestsandbrothers.blogspot.com/2010/10/st-andre-bessette-pope-benedict-xvis.html,http://vocation.nd.edu/news/26359
http://cscpriestsandbrothers.blogspot.com/2010/10/into-africa-most-unlikely-holy-cross.html,http://vocation.nd.edu/news/26360
http://cscpriestsandbrothers.blogspot.com/2010/10/csc-profile-man-behind-saint.html,http://vocation.nd.edu/news/26361
http://cscpriestsandbrothers.blogspot.com/2010/10/diary-of-mountain-priest-whats-really.html,http://vocation.nd.edu/news/26362
http://cscpriestsandbrothers.blogspot.com/2010/10/celebrating-saint-straight-to-difficult.html,http://vocation.nd.edu/news/26363
http://cscpriestsandbrothers.blogspot.com/2010/10/ivy-league-catholic-saint-and-sultan.html,http://vocation.nd.edu/news/26364
http://cscpriestsandbrothers.blogspot.com/2010/10/brother-jesus-alonso-complete-vocation.html,http://vocation.nd.edu/news/26365
http://cscpriestsandbrothers.blogspot.com/2010/10/sermon-on-street-andre-at-andres-house.html,http://vocation.nd.edu/news/26366
http://cscpriestsandbrothers.blogspot.com/2010/10/called-to-walk-in-their-footsteps.html,http://vocation.nd.edu/news/26367
http://cscpriestsandbrothers.blogspot.com/2010/10/celebrating-saint-holiness-at-home-in.html,http://vocation.nd.edu/news/26368
http://cscpriestsandbrothers.blogspot.com/2010/10/learning-parish-ropes-little-bit-of.html,http://vocation.nd.edu/news/26369
http://cscpriestsandbrothers.blogspot.com/2010/09/spirit-of-holy-cross-john-soisson.html,http://vocation.nd.edu/news/26370
http://cscpriestsandbrothers.blogspot.com/2010/09/adding-it-all-up-come-to-jesus-moments.html,http://vocation.nd.edu/news/26371
http://cscpriestsandbrothers.blogspot.com/2010/09/celebrating-saint-god-with-us.html,http://vocation.nd.edu/news/26372
http://cscpriestsandbrothers.blogspot.com/2010/09/real-oc-on-retreat-with-st-joseph-and.html,http://vocation.nd.edu/news/26373
http://cscpriestsandbrothers.blogspot.com/2010/09/gods-doorman-brother-andre-in-hd.html,http://vocation.nd.edu/news/26374
http://cscpriestsandbrothers.blogspot.com/2010/09/iseminary-ministering-with-heart-of.html,http://vocation.nd.edu/news/26375
http://cscpriestsandbrothers.blogspot.com/2010/09/celebrating-saint-another-brother-andre.html,http://vocation.nd.edu/news/26376
http://cscpriestsandbrothers.blogspot.com/2010/09/ordination-doubleheader.html,http://vocation.nd.edu/news/26377
http://cscpriestsandbrothers.blogspot.com/2010/09/into-africa-driving-lesson.html,http://vocation.nd.edu/news/26378
http://cscpriestsandbrothers.blogspot.com/2010/09/our-lady-of-sorrows-close-to-jesus-to.html,http://vocation.nd.edu/news/26379
http://cscpriestsandbrothers.blogspot.com/2010/09/diary-of-mountain-priest-point-of-labor.html,http://vocation.nd.edu/news/26380
http://cscpriestsandbrothers.blogspot.com/2010/09/celebrating-saint-go-to-joseph.html,http://vocation.nd.edu/news/26381
http://cscpriestsandbrothers.blogspot.com/2010/09/priests-wanted.html,http://vocation.nd.edu/news/26382
http://cscpriestsandbrothers.blogspot.com/2010/09/ivy-league-catholic-into-belly-of-beast.html,http://vocation.nd.edu/news/26383
http://cscpriestsandbrothers.blogspot.com/2010/09/st-josephs-humble-servant.html,http://vocation.nd.edu/news/26384
http://cscpriestsandbrothers.blogspot.com/2010/09/sermon-on-street-you-must-be-out-of.html,http://vocation.nd.edu/news/26385
http://cscpriestsandbrothers.blogspot.com/2010/09/called-to-walk-in-their-footsteps-fr.html,http://vocation.nd.edu/news/26386
http://cscpriestsandbrothers.blogspot.com/2010/08/blessed-brother-andre-csc.html,http://vocation.nd.edu/news/26387
http://cscpriestsandbrothers.blogspot.com/2010/09/csc-profile-nothing-ordinary-nothing.html,http://vocation.nd.edu/news/26388
http://cscpriestsandbrothers.blogspot.com/2010/09/learning-parish-ropes-from-sacred-heart.html,http://vocation.nd.edu/news/26389
http://cscpriestsandbrothers.blogspot.com/2010/09/final-vows-and-deaconate-fraternity-and.html,http://vocation.nd.edu/news/26390
http://cscpriestsandbrothers.blogspot.com/2010/08/final-vows-and-deacoonate-great-model.html,http://vocation.nd.edu/news/26391
http://cscpriestsandbrothers.blogspot.com/2010/08/celebrating-saint-hell-take-care-of_28.html,http://vocation.nd.edu/news/26392
http://cscpriestsandbrothers.blogspot.com/2010/08/forever-holy-cross.html,http://vocation.nd.edu/news/26393
http://cscpriestsandbrothers.blogspot.com/2010/08/fr-john-jenkins-csc-opening-of-school.html,http://vocation.nd.edu/news/26394
http://cscpriestsandbrothers.blogspot.com/2010/08/it-all-adds-up-30-foot-gorilla.html,http://vocation.nd.edu/news/26395
http://cscpriestsandbrothers.blogspot.com/2010/08/into-africa-coming-out-of-left-field.html,http://vocation.nd.edu/news/26396
http://cscpriestsandbrothers.blogspot.com/2010/08/gone-camping-part-iv.html,http://vocation.nd.edu/news/26397
http://cscpriestsandbrothers.blogspot.com/2010/08/gone-camping-part-iii.html,http://vocation.nd.edu/news/26398
http://cscpriestsandbrothers.blogspot.com/2010/08/gone-camping-part-ii.html,http://vocation.nd.edu/news/26399
http://cscpriestsandbrothers.blogspot.com/2010/08/gone-camping.html,http://vocation.nd.edu/news/26400
http://cscpriestsandbrothers.blogspot.com/2010/08/priestly-black-and-dodger-blue.html,http://vocation.nd.edu/news/26401
http://cscpriestsandbrothers.blogspot.com/2010/08/i-was-joyful.html,http://vocation.nd.edu/news/26402
http://cscpriestsandbrothers.blogspot.com/2010/07/good-news-from-holy-cross-family.html,http://vocation.nd.edu/news/26403
http://cscpriestsandbrothers.blogspot.com/2010/04/bishop-kevin-rhoades-spoke-on.html,http://vocation.nd.edu/news/26404
http://cscpriestsandbrothers.blogspot.com/2010/04/quadrangle-commonly-dubbed-god-quad-at.html,http://vocation.nd.edu/news/26405
http://cscpriestsandbrothers.blogspot.com/2010/04/seminarian-softball-game_20.html,http://vocation.nd.edu/news/26406
http://cscpriestsandbrothers.blogspot.com/2010/04/fr-aaron-mishkas-homily-at-lucernarium.html,http://vocation.nd.edu/news/26407
http://cscpriestsandbrothers.blogspot.com/2010/04/easter-vigil-homily-by-fr-stephen-koeth.html,http://vocation.nd.edu/news/26408
http://cscpriestsandbrothers.blogspot.com/2010/04/good-friday-homily-by-fr-tom-gaughan.html,http://vocation.nd.edu/news/26409
http://cscpriestsandbrothers.blogspot.com/2010/04/holy-thursday-homily-by-fr-david-tyson.html,http://vocation.nd.edu/news/26410
http://cscpriestsandbrothers.blogspot.com/2010/03/margie-can-you-post-article-below-on.html,http://vocation.nd.edu/news/26411
http://cscpriestsandbrothers.blogspot.com/2010/02/congregations-first-saint.html,http://vocation.nd.edu/news/26412
http://cscpriestsandbrothers.blogspot.com/2009/09/christ-healer.html,http://vocation.nd.edu/news/26413
http://cscpriestsandbrothers.blogspot.com/2009/07/like-father-like-son.html,http://vocation.nd.edu/news/26414
http://cscpriestsandbrothers.blogspot.com/2009/05/seminarian-softball.html,http://vocation.nd.edu/news/26415
http://cscpriestsandbrothers.blogspot.com/2009/04/vocation-prayercast.html,http://vocation.nd.edu/news/26416
http://cscpriestsandbrothers.blogspot.com/2009/03/diversity-of-ministries-personal.html,http://vocation.nd.edu/news/26417
http://cscpriestsandbrothers.blogspot.com/2009/03/roman-holiday.html,http://vocation.nd.edu/news/26418
